"758448","c8DrAnUs","5","192.168.1.25:502/60","1","3","60","3","70","40","2020-12-31 05:00:00","11","227","32768","32768","0","225","32768","32768","32768","32768","32768","32768","302","5","0","0","65535","65535","65535","303","2","216","65136","65535","0","0","0","0","0","0","0","0","0","0","0","0","0","0","0","0","2020-12-31 05:00:04"
"758464","c8DrAnUs","5","192.168.1.25:502/60","1","3","60","3","70","40","2020-12-31 05:06:00","11","227","32768","32768","0","225","32768","32768","32768","32768","32768","32768","302","5","0","0","65535","65535","65535","303","2","217","65136","65535","0","0","0","0","0","0","0","0","0","0","0","0","0","0","0","0","2020-12-31 05:06:04"
"758482","c8DrAnUs","5","192.168.1.25:502/60","1","3","60","3","70","40","2020-12-31 05:12:00","11","227","32768","32768","0","225","32768","32768","32768","32768","32768","32768","302","5","0","0","65535","65535","65535","303","2","218","65136","65535","0","0","0","0","0","0","0","0","0","0","0","0","0","0","0","0","2020-12-31 05:12:04"
"758501","c8DrAnUs","5","192.168.1.25:502/60","1","3","60","3","70","40","2020-12-31 05:18:01","11","227","32768","32768","0","225","32768","32768","32768","32768","32768","32768","302","5","0","0","65535","65535","65535","303","2","218","65136","65535","0","0","0","0","0","0","0","0","0","0","0","0","0","0","0","0","2020-12-31 05:18:04"
"758524","c8DrAnUs","5","192.168.1.25:502/60","1","3","60","3","70","40","2020-12-31 05:24:00","11","227","32768","32768","0","225","32768","32768","32768","32768","32768","32768","302","5","0","0","65535","65535","65535","303","2","218","65136","65535","0","0","0","0","0","0","0","0","0","0","0","0","0","0","0","0","2020-12-31 05:24:04"
"758543","c8DrAnUs","5","192.168.1.25:502/60","1","3","60","3","70","40","2020-12-31 05:30:00","11","227","32768","32768","0","202","32768","32768","32768","32768","32768","32768","302","5","0","0","65535","65535","65535","303","2","218","65136","65535","0","0","0","0","0","0","0","0","0","0","0","0","0","0","0","0","2020-12-31 05:30:04"
"758560","c8DrAnUs","5","192.168.1.25:502/60","1","3","60","3","70","40","2020-12-31 05:36:00","11","227","32768","32768","0","202","32768","32768","32768","32768","32768","32768","302","5","0","0","65535","65535","65535","303","2","218","65136","65535","0","0","0","0","0","0","0","0","0","0","0","0","0","0","0","0","2020-12-31 05:36:04"
"758579","c8DrAnUs","5","192.168.1.25:502/60","1","3","60","3","70","40","2020-12-31 05:42:00","11","227","32768","32768","0","202","32768","32768","32768","32768","32768","32768","302","5","0","0","65535","65535","65535","303","2","218","65136","65535","0","0","0","0","0","0","0","0","0","0","0","0","0","0","0","0","2020-12-31 05:42:04"
"758594","c8DrAnUs","5","192.168.1.25:502/60","1","3","60","3","70","40","2020-12-31 05:48:00","11","227","32768","32768","0","225","32768","32768","32768","32768","32768","32768","302","5","0","0","65535","65535","65535","303","2","218","65136","65535","0","0","0","0","0","0","0","0","0","0","0","0","0","0","0","0","2020-12-31 05:48:04"
"758612","c8DrAnUs","5","192.168.1.25:502/60","1","3","60","3","70","40","2020-12-31 05:54:00","11","226","32768","32768","0","225","32768","32768","32768","32768","32768","32768","302","5","0","0","65535","65535","65535","303","2","217","65136","65535","0","0","0","0","0","0","0","0","0","0","0","0","0","0","0","0","2020-12-31 05:54:04"
"758632","c8DrAnUs","5","192.168.1.25:502/60","1","3","60","3","70","40","2020-12-31 06:00:01","11","226","32768","32768","0","225","32768","32768","32768","32768","32768","32768","302","5","0","0","65535","65535","65535","303","2","219","65136","65535","0","0","0","0","0","0","0","0","0","0","0","0","0","0","0","0","2020-12-31 06:00:04"
"758653","c8DrAnUs","5","192.168.1.25:502/60","1","3","60","3","70","40","2020-12-31 06:06:00","11","226","32768","32768","0","225","32768","32768","32768","32768","32768","32768","302","5","0","0","65535","65535","65535","303","2","218","65136","65535","0","0","0","0","0","0","0","0","0","0","0","0","0","0","0","0","2020-12-31 06:06:04"
"758682","c8DrAnUs","5","192.168.1.25:502/60","1","3","60","3","70","40","2020-12-31 06:12:00","11","226","32768","32768","0","225","32768","32768","32768","32768","32768","32768","302","5","0","0","65535","65535","65535","303","2","216","65136","65535","0","0","0","0","0","0","0","0","0","0","0","0","0","0","0","0","2020-12-31 06:12:04"
"758768","c8DrAnUs","5","192.168.1.25:502/60","1","3","60","3","70","40","2020-12-31 06:18:00","11","226","32768","32768","0","225","32768","32768","32768","32768","32768","32768","302","5","0","0","65535","65535","65535","303","2","215","65136","65535","0","0","0","0","0","0","0","0","0","0","0","0","0","0","0","0","2020-12-31 06:18:04"
"758858","c8DrAnUs","5","192.168.1.25:502/60","1","3","60","3","70","40","2020-12-31 06:24:01","11","225","32768","32768","0","225","32768","32768","32768","32768","32768","32768","302","5","0","0","65535","65535","65535","303","2","213","65136","65535","0","0","0","0","0","0","0","0","0","0","0","0","0","0","0","0","2020-12-31 06:24:05"
"758997","c8DrAnUs","5","192.168.1.25:502/60","1","3","60","3","70","40","2020-12-31 06:30:00","11","225","32768","32768","0","225","32768","32768","32768","32768","32768","32768","302","5","0","0","65535","65535","65535","303","2","212","65136","65535","0","0","0","0","0","0","0","0","0","0","0","0","0","0","0","0","2020-12-31 06:30:04"
"759091","c8DrAnUs","5","192.168.1.25:502/60","1","3","60","3","70","40","2020-12-31 06:36:00","11","224","32768","32768","0","225","32768","32768","32768","32768","32768","32768","302","5","0","0","65535","65535","65535","303","2","213","65136","65535","0","0","0","0","0","0","0","0","0","0","0","0","0","0","0","0","2020-12-31 06:36:04"
"759163","c8DrAnUs","5","192.168.1.25:502/60","1","3","60","3","70","40","2020-12-31 06:42:01","11","225","32768","32768","0","180","32768","32768","32768","32768","32768","32768","302","5","10","14","65535","65535","65535","303","2","217","65136","65535","0","0","0","0","0","0","0","0","0","0","0","0","0","0","0","0","2020-12-31 06:42:05"
"759291","c8DrAnUs","5","192.168.1.25:502/60","1","3","60","3","70","40","2020-12-31 06:48:01","11","226","32768","32768","1","157","32768","32768","32768","32768","32768","32768","302","5","17","22","65535","65535","65535","303","2","220","65136","65535","0","0","0","0","0","0","0","0","0","0","0","0","0","0","0","0","2020-12-31 06:48:05"
"759385","c8DrAnUs","5","192.168.1.25:502/60","1","3","60","3","70","40","2020-12-31 06:54:00","11","227","32768","32768","0","157","32768","32768","32768","32768","32768","32768","302","5","23","27","65535","65535","65535","303","2","222","65136","65535","0","0","0","0","0","0","0","0","0","0","0","0","0","0","0","0","2020-12-31 06:54:05"
"759488","c8DrAnUs","5","192.168.1.25:502/60","1","3","60","3","70","40","2020-12-31 07:00:00","11","228","32768","32768","0","157","32768","32768","32768","32768","32768","32768","302","5","26","31","65535","65535","65535","303","2","224","65136","65535","0","0","0","0","0","0","0","0","0","0","0","0","0","0","0","0","2020-12-31 07:00:05"
"759585","c8DrAnUs","5","192.168.1.25:502/60","1","3","60","3","70","40","2020-12-31 07:06:01","11","228","32768","32768","0","157","32768","32768","32768","32768","32768","32768","302","5","30","34","65535","65535","65535","303","2","225","65136","65535","0","0","0","0","0","0","0","0","0","0","0","0","0","0","0","0","2020-12-31 07:06:05"
"759684","c8DrAnUs","5","192.168.1.25:502/60","1","3","60","3","70","40","2020-12-31 07:12:00","11","228","32768","32768","0","157","32768","32768","32768","32768","32768","32768","302","5","35","35","65535","65535","65535","303","2","226","65136","65535","0","0","0","0","0","0","0","0","0","0","0","0","0","0","0","0","2020-12-31 07:12:05"
"759783","c8DrAnUs","5","192.168.1.25:502/60","1","3","60","3","70","40","2020-12-31 07:18:00","11","229","32768","32768","0","157","32768","32768","32768","32768","32768","32768","302","5","31","32","65535","65535","65535","303","2","228","65136","65535","0","0","0","0","0","0","0","0","0","0","0","0","0","0","0","0","2020-12-31 07:18:05"
"759883","c8DrAnUs","5","192.168.1.25:502/60","1","3","60","3","70","40","2020-12-31 07:24:00","11","229","32768","32768","0","157","32768","32768","32768","32768","32768","32768","302","5","36","37","65535","65535","65535","303","2","229","65136","65535","0","0","0","0","0","0","0","0","0","0","0","0","0","0","0","0","2020-12-31 07:24:05"
"759979","c8DrAnUs","5","192.168.1.25:502/60","1","3","60","3","70","40","2020-12-31 07:30:01","11","231","32768","32768","0","157","32768","32768","32768","32768","32768","32768","302","5","71","90","65535","65535","65535","303","2","232","65136","65535","0","0","0","0","0","0","0","0","0","0","0","0","0","0","0","0","2020-12-31 07:30:05"
"760078","c8DrAnUs","5","192.168.1.25:502/60","1","3","60","3","70","40","2020-12-31 07:36:00","11","232","32768","32768","0","157","32768","32768","32768","32768","32768","32768","302","5","69","80","65535","65535","65535","303","2","238","65136","65535","0","0","0","0","0","0","0","0","0","0","0","0","0","0","0","0","2020-12-31 07:36:05"
"760181","c8DrAnUs","5","192.168.1.25:502/60","1","3","60","3","70","40","2020-12-31 07:42:00","11","234","32768","32768","1","180","32768","32768","32768","32768","32768","32768","302","5","81","92","65535","65535","65535","303","2","240","65136","65535","0","0","0","0","0","0","0","0","0","0","0","0","0","0","0","0","2020-12-31 07:42:05"
"760283","c8DrAnUs","5","192.168.1.25:502/60","1","3","60","3","70","40","2020-12-31 07:48:01","11","236","32768","32768","0","202","32768","32768","32768","32768","32768","32768","302","5","89","106","65535","65535","65535","303","2","242","65136","65535","0","0","0","0","0","0","0","0","0","0","0","0","0","0","0","0","2020-12-31 07:48:05"
"760378","c8DrAnUs","5","192.168.1.25:502/60","1","3","60","3","70","40","2020-12-31 07:54:00","11","238","32768","32768","0","225","32768","32768","32768","32768","32768","32768","302","5","83","93","65535","65535","65535","303","2","246","65136","65535","0","0","0","0","0","0","0","0","0","0","0","0","0","0","0","0","2020-12-31 07:54:05"
"760475","c8DrAnUs","5","192.168.1.25:502/60","1","3","60","3","70","40","2020-12-31 08:00:00","11","239","32768","32768","1","202","32768","32768","32768","32768","32768","32768","302","5","90","102","65535","65535","65535","303","2","245","65136","65535","0","0","0","0","0","0","0","0","0","0","0","0","0","0","0","0","2020-12-31 08:00:05"
"760575","c8DrAnUs","5","192.168.1.25:502/60","1","3","60","3","70","40","2020-12-31 08:06:01","11","241","32768","32768","1","202","32768","32768","32768","32768","32768","32768","302","5","94","96","65535","65535","65535","303","2","249","65136","65535","0","0","0","0","0","0","0","0","0","0","0","0","0","0","0","0","2020-12-31 08:06:06"
"760673","c8DrAnUs","5","192.168.1.25:502/60","1","3","60","3","70","40","2020-12-31 08:12:01","11","243","32768","32768","0","180","32768","32768","32768","32768","32768","32768","302","5","91","93","65535","65535","65535","303","2","251","65136","65535","0","0","0","0","0","0","0","0","0","0","0","0","0","0","0","0","2020-12-31 08:12:06"
"760776","c8DrAnUs","5","192.168.1.25:502/60","1","3","60","3","70","40","2020-12-31 08:18:00","11","244","32768","32768","1","225","32768","32768","32768","32768","32768","32768","302","5","131","146","65535","65535","65535","303","2","255","65136","65535","0","0","0","0","0","0","0","0","0","0","0","0","0","0","0","0","2020-12-31 08:18:05"
"760873","c8DrAnUs","5","192.168.1.25:502/60","1","3","60","3","70","40","2020-12-31 08:24:00","11","246","32768","32768","2","180","32768","32768","32768","32768","32768","32768","302","5","98","125","65535","65535","65535","303","2","261","65136","65535","0","0","0","0","0","0","0","0","0","0","0","0","0","0","0","0","2020-12-31 08:24:06"
"760978","c8DrAnUs","5","192.168.1.25:502/60","1","3","60","3","70","40","2020-12-31 08:30:00","11","247","32768","32768","2","225","32768","32768","32768","32768","32768","32768","302","5","128","129","65535","65535","65535","303","2","268","65136","65535","0","0","0","0","0","0","0","0","0","0","0","0","0","0","0","0","2020-12-31 08:30:06"
"761071","c8DrAnUs","5","192.168.1.25:502/60","1","3","60","3","70","40","2020-12-31 08:36:00","11","249","32768","32768","2","225","32768","32768","32768","32768","32768","32768","302","5","124","121","65535","65535","65535","303","2","273","65136","65535","0","0","0","0","0","0","0","0","0","0","0","0","0","0","0","0","2020-12-31 08:36:06"
"761168","c8DrAnUs","5","192.168.1.25:502/60","1","3","60","3","70","40","2020-12-31 08:42:00","11","251","32768","32768","1","202","32768","32768","32768","32768","32768","32768","302","5","180","211","65535","65535","65535","303","2","291","65136","65535","0","0","0","0","0","0","0","0","0","0","0","0","0","0","0","0","2020-12-31 08:42:06"
"761269","c8DrAnUs","5","192.168.1.25:502/60","1","3","60","3","70","40","2020-12-31 08:48:00","11","253","32768","32768","2","225","32768","32768","32768","32768","32768","32768","302","5","144","152","65535","65535","65535","303","2","292","65136","65535","0","0","0","0","0","0","0","0","0","0","0","0","0","0","0","0","2020-12-31 08:48:06"
"761367","c8DrAnUs","5","192.168.1.25:502/60","1","3","60","3","70","40","2020-12-31 08:54:00","11","253","32768","32768","2","202","32768","32768","32768","32768","32768","32768","302","5","88","91","65535","65535","65535","303","2","283","65136","65535","0","0","0","0","0","0","0","0","0","0","0","0","0","0","0","0","2020-12-31 08:54:06"
"761466","c8DrAnUs","5","192.168.1.25:502/60","1","3","60","3","70","40","2020-12-31 09:00:00","11","253","32768","32768","2","225","32768","32768","32768","32768","32768","32768","302","5","91","97","65535","65535","65535","303","2","279","65136","65535","0","0","0","0","0","0","0","0","0","0","0","0","0","0","0","0","2020-12-31 09:00:06"
"761578","c8DrAnUs","5","192.168.1.25:502/60","1","3","60","3","70","40","2020-12-31 09:06:01","11","253","32768","32768","2","225","32768","32768","32768","32768","32768","32768","302","5","65","61","65535","65535","65535","303","2","275","65136","65535","0","0","0","0","0","0","0","0","0","0","0","0","0","0","0","0","2020-12-31 09:06:06"
"761686","c8DrAnUs","5","192.168.1.25:502/60","1","3","60","3","70","40","2020-12-31 09:12:00","11","251","32768","32768","1","247","32768","32768","32768","32768","32768","32768","302","5","80","77","65535","65535","65535","303","2","264","65136","65535","0","0","0","0","0","0","0","0","0","0","0","0","0","0","0","0","2020-12-31 09:12:06"
"761778","c8DrAnUs","5","192.168.1.25:502/60","1","3","60","3","70","40","2020-12-31 09:18:00","11","247","32768","32768","3","247","32768","32768","32768","32768","32768","32768","302","5","68","71","65535","65535","65535","303","2","251","65136","65535","0","0","0","0","0","0","0","0","0","0","0","0","0","0","0","0","2020-12-31 09:18:06"
"761876","c8DrAnUs","5","192.168.1.25:502/60","1","3","60","3","70","40","2020-12-31 09:24:00","11","244","32768","32768","1","202","32768","32768","32768","32768","32768","32768","302","5","74","78","65535","65535","65535","303","2","247","65136","65535","0","0","0","0","0","0","0","0","0","0","0","0","0","0","0","0","2020-12-31 09:24:06"
"761979","c8DrAnUs","5","192.168.1.25:502/60","1","3","60","3","70","40","2020-12-31 09:30:01","11","242","32768","32768","2","225","32768","32768","32768","32768","32768","32768","302","5","113","126","65535","65535","65535","303","2","252","65136","65535","0","0","0","0","0","0","0","0","0","0","0","0","0","0","0","0","2020-12-31 09:30:06"
"762076","c8DrAnUs","5","192.168.1.25:502/60","1","3","60","3","70","40","2020-12-31 09:36:00","11","243","32768","32768","1","225","32768","32768","32768","32768","32768","32768","302","5","126","140","65535","65535","65535","303","2","256","65136","65535","0","0","0","0","0","0","0","0","0","0","0","0","0","0","0","0","2020-12-31 09:36:07"
"762172","c8DrAnUs","5","192.168.1.25:502/60","1","3","60","3","70","40","2020-12-31 09:42:00","11","244","32768","32768","1","225","32768","32768","32768","32768","32768","32768","302","5","112","126","65535","65535","65535","303","2","256","65136","65535","0","0","0","0","0","0","0","0","0","0","0","0","0","0","0","0","2020-12-31 09:42:06"
"762274","c8DrAnUs","5","192.168.1.25:502/60","1","3","60","3","70","40","2020-12-31 09:48:01","11","244","32768","32768","2","225","32768","32768","32768","32768","32768","32768","302","5","202","232","65535","65535","65535","303","2","260","65136","65535","0","0","0","0","0","0","0","0","0","0","0","0","0","0","0","0","2020-12-31 09:48:07"
"762377","c8DrAnUs","5","192.168.1.25:502/60","1","3","60","3","70","40","2020-12-31 09:54:00","11","248","32768","32768","1","247","32768","32768","32768","32768","32768","32768","302","5","567","656","65535","65535","65535","303","2","294","65136","65535","0","0","0","0","0","0","0","0","0","0","0","0","0","0","0","0","2020-12-31 09:54:06"
"762471","c8DrAnUs","5","192.168.1.25:502/60","1","3","60","3","70","40","2020-12-31 10:00:00","11","255","32768","32768","1","225","32768","32768","32768","32768","32768","32768","302","5","401","445","65535","65535","65535","303","2","318","65136","65535","0","0","0","0","0","0","0","0","0","0","0","0","0","0","0","0","2020-12-31 10:00:11"
"762574","c8DrAnUs","5","192.168.1.25:502/60","1","3","60","3","70","40","2020-12-31 10:06:01","11","256","32768","32768","3","225","32768","32768","32768","32768","32768","32768","302","5","141","159","65535","65535","65535","303","2","319","65136","65535","0","0","0","0","0","0","0","0","0","0","0","0","0","0","0","0","2020-12-31 10:06:06"
"762670","c8DrAnUs","5","192.168.1.25:502/60","1","3","60","3","70","40","2020-12-31 10:12:00","11","254","32768","32768","2","247","32768","32768","32768","32768","32768","32768","302","5","234","243","65535","65535","65535","303","2","285","65136","65535","0","0","0","0","0","0","0","0","0","0","0","0","0","0","0","0","2020-12-31 10:12:07"
"762769","c8DrAnUs","5","192.168.1.25:502/60","1","3","60","3","70","40","2020-12-31 10:18:00","11","253","32768","32768","1","202","32768","32768","32768","32768","32768","32768","302","5","225","240","65535","65535","65535","303","2","280","65136","65535","0","0","0","0","0","0","0","0","0","0","0","0","0","0","0","0","2020-12-31 10:18:07"
"762845","c8DrAnUs","5","192.168.1.25:502/60","1","3","60","3","70","40","2020-12-31 10:24:01","11","253","32768","32768","2","247","32768","32768","32768","32768","32768","32768","302","5","164","177","65535","65535","65535","303","2","273","65136","65535","0","0","0","0","0","0","0","0","0","0","0","0","0","0","0","0","2020-12-31 10:24:07"
"762969","c8DrAnUs","5","192.168.1.25:502/60","1","3","60","3","70","40","2020-12-31 10:30:00","11","252","32768","32768","3","225","32768","32768","32768","32768","32768","32768","302","5","194","219","65535","65535","65535","303","2","271","65136","65535","0","0","0","0","0","0","0","0","0","0","0","0","0","0","0","0","2020-12-31 10:30:07"
"763065","c8DrAnUs","5","192.168.1.25:502/60","1","3","60","3","70","40","2020-12-31 10:36:00","11","253","32768","32768","2","202","32768","32768","32768","32768","32768","32768","302","5","233","259","65535","65535","65535","303","2","280","65136","65535","0","0","0","0","0","0","0","0","0","0","0","0","0","0","0","0","2020-12-31 10:36:07"
"763164","c8DrAnUs","5","192.168.1.25:502/60","1","3","60","3","70","40","2020-12-31 10:42:00","11","253","32768","32768","2","202","32768","32768","32768","32768","32768","32768","302","5","308","332","65535","65535","65535","303","2","283","65136","65535","0","0","0","0","0","0","0","0","0","0","0","0","0","0","0","0","2020-12-31 10:42:07"
"763292","c8DrAnUs","5","192.168.1.25:502/60","1","3","60","3","70","40","2020-12-31 10:48:01","11","255","32768","32768","2","247","32768","32768","32768","32768","32768","32768","302","5","533","596","65535","65535","65535","303","2","300","65136","65535","0","0","0","0","0","0","0","0","0","0","0","0","0","0","0","0","2020-12-31 10:48:07"
"763388","c8DrAnUs","5","192.168.1.25:502/60","1","3","60","3","70","40","2020-12-31 10:54:00","11","261","32768","32768","2","247","32768","32768","32768","32768","32768","32768","302","5","509","578","65535","65535","65535","303","2","343","65136","65535","0","0","0","0","0","0","0","0","0","0","0","0","0","0","0","0","2020-12-31 10:54:07"
"763466","c8DrAnUs","5","192.168.1.25:502/60","1","3","60","3","70","40","2020-12-31 11:00:01","11","267","32768","32768","2","157","32768","32768","32768","32768","32768","32768","302","5","445","510","65535","65535","65535","303","2","374","65136","65535","0","0","0","0","0","0","0","0","0","0","0","0","0","0","0","0","2020-12-31 11:00:07"
"763592","c8DrAnUs","5","192.168.1.25:502/60","1","3","60","3","70","40","2020-12-31 11:06:00","11","272","32768","32768","3","247","32768","32768","32768","32768","32768","32768","302","5","198","205","65535","65535","65535","303","2","368","65136","65535","0","0","0","0","0","0","0","0","0","0","0","0","0","0","0","0","2020-12-31 11:06:07"
"763684","c8DrAnUs","5","192.168.1.25:502/60","1","3","60","3","70","40","2020-12-31 11:12:00","11","263","32768","32768","4","225","32768","32768","32768","32768","32768","32768","302","5","89","82","65535","65535","65535","303","2","312","65136","65535","0","0","0","0","0","0","0","0","0","0","0","0","0","0","0","0","2020-12-31 11:12:07"
"763784","c8DrAnUs","5","192.168.1.25:502/60","1","3","60","3","70","40","2020-12-31 11:18:01","11","256","32768","32768","4","225","32768","32768","32768","32768","32768","32768","302","5","157","157","65535","65535","65535","303","2","284","65136","65535","0","0","0","0","0","0","0","0","0","0","0","0","0","0","0","0","2020-12-31 11:18:07"
"763885","c8DrAnUs","5","192.168.1.25:502/60","1","3","60","3","70","40","2020-12-31 11:24:00","11","253","32768","32768","2","247","32768","32768","32768","32768","32768","32768","302","5","258","253","65535","65535","65535","303","2","280","65136","65535","0","0","0","0","0","0","0","0","0","0","0","0","0","0","0","0","2020-12-31 11:24:07"
"763989","c8DrAnUs","5","192.168.1.25:502/60","1","3","60","3","70","40","2020-12-31 11:30:00","11","255","32768","32768","2","202","32768","32768","32768","32768","32768","32768","302","5","387","479","65535","65535","65535","303","2","307","65136","65535","0","0","0","0","0","0","0","0","0","0","0","0","0","0","0","0","2020-12-31 11:30:08"
"764080","c8DrAnUs","5","192.168.1.25:502/60","1","3","60","3","70","40","2020-12-31 11:36:00","11","259","32768","32768","1","157","32768","32768","32768","32768","32768","32768","302","5","294","302","65535","65535","65535","303","2","326","65136","65535","0","0","0","0","0","0","0","0","0","0","0","0","0","0","0","0","2020-12-31 11:36:08"
"764179","c8DrAnUs","5","192.168.1.25:502/60","1","3","60","3","70","40","2020-12-31 11:42:01","11","261","32768","32768","2","202","32768","32768","32768","32768","32768","32768","302","5","542","632","65535","65535","65535","303","2","347","65136","65535","0","0","0","0","0","0","0","0","0","0","0","0","0","0","0","0","2020-12-31 11:42:07"
"764279","c8DrAnUs","5","192.168.1.25:502/60","1","3","60","3","70","40","2020-12-31 11:48:00","11","264","32768","32768","1","180","32768","32768","32768","32768","32768","32768","302","5","228","238","65535","65535","65535","303","2","344","65136","65535","0","0","0","0","0","0","0","0","0","0","0","0","0","0","0","0","2020-12-31 11:48:08"
"764377","c8DrAnUs","5","192.168.1.25:502/60","1","3","60","3","70","40","2020-12-31 11:54:00","11","260","32768","32768","2","225","32768","32768","32768","32768","32768","32768","302","5","171","176","65535","65535","65535","303","2","312","65136","65535","0","0","0","0","0","0","0","0","0","0","0","0","0","0","0","0","2020-12-31 11:54:08"
"764484","c8DrAnUs","5","192.168.1.25:502/60","1","3","60","3","70","40","2020-12-31 12:00:01","11","254","32768","32768","2","202","32768","32768","32768","32768","32768","32768","302","5","235","251","65535","65535","65535","303","2","287","65136","65535","0","0","0","0","0","0","0","0","0","0","0","0","0","0","0","0","2020-12-31 12:00:08"
"764575","c8DrAnUs","5","192.168.1.25:502/60","1","3","60","3","70","40","2020-12-31 12:06:01","11","254","32768","32768","2","247","32768","32768","32768","32768","32768","32768","302","5","308","309","65535","65535","65535","303","2","298","65136","65535","0","0","0","0","0","0","0","0","0","0","0","0","0","0","0","0","2020-12-31 12:06:08"
"764676","c8DrAnUs","5","192.168.1.25:502/60","1","3","60","3","70","40","2020-12-31 12:12:00","11","251","32768","32768","4","225","32768","32768","32768","32768","32768","32768","302","5","97","91","65535","65535","65535","303","2","272","65136","65535","0","0","0","0","0","0","0","0","0","0","0","0","0","0","0","0","2020-12-31 12:12:08"
"764772","c8DrAnUs","5","192.168.1.25:502/60","1","3","60","3","70","40","2020-12-31 12:18:00","11","245","32768","32768","2","270","32768","32768","32768","32768","32768","32768","302","5","48","46","65535","65535","65535","303","2","248","65136","65535","0","0","0","0","0","0","0","0","0","0","0","0","0","0","0","0","2020-12-31 12:18:08"
"764873","c8DrAnUs","5","192.168.1.25:502/60","1","3","60","3","70","40","2020-12-31 12:24:00","11","240","32768","32768","2","292","32768","32768","32768","32768","32768","32768","302","5","76","85","65535","65535","65535","303","2","240","65136","65535","0","0","0","0","0","0","0","0","0","0","0","0","0","0","0","0","2020-12-31 12:24:08"
"764975","c8DrAnUs","5","192.168.1.25:502/60","1","3","60","3","70","40","2020-12-31 12:30:01","11","236","32768","32768","3","247","32768","32768","32768","32768","32768","32768","302","5","126","126","65535","65535","65535","303","2","244","65136","65535","0","0","0","0","0","0","0","0","0","0","0","0","0","0","0","0","2020-12-31 12:30:08"
"765071","c8DrAnUs","5","192.168.1.25:502/60","1","3","60","3","70","40","2020-12-31 12:36:00","11","237","32768","32768","2","247","32768","32768","32768","32768","32768","32768","302","5","104","103","65535","65535","65535","303","2","248","65136","65535","0","0","0","0","0","0","0","0","0","0","0","0","0","0","0","0","2020-12-31 12:36:08"
"765171","c8DrAnUs","5","192.168.1.25:502/60","1","3","60","3","70","40","2020-12-31 12:42:00","11","235","32768","32768","1","247","32768","32768","32768","32768","32768","32768","302","5","105","113","65535","65535","65535","303","2","247","65136","65535","0","0","0","0","0","0","0","0","0","0","0","0","0","0","0","0","2020-12-31 12:42:08"
"765274","c8DrAnUs","5","192.168.1.25:502/60","1","3","60","3","70","40","2020-12-31 12:48:00","11","234","32768","32768","1","292","32768","32768","32768","32768","32768","32768","302","5","100","105","65535","65535","65535","303","2","245","65136","65535","0","0","0","0","0","0","0","0","0","0","0","0","0","0","0","0","2020-12-31 12:48:08"
"765373","c8DrAnUs","5","192.168.1.25:502/60","1","3","60","3","70","40","2020-12-31 12:54:01","11","233","32768","32768","1","247","32768","32768","32768","32768","32768","32768","302","5","134","144","65535","65535","65535","303","2","246","65136","65535","0","0","0","0","0","0","0","0","0","0","0","0","0","0","0","0","2020-12-31 12:54:08"
"765472","c8DrAnUs","5","192.168.1.25:502/60","1","3","60","3","70","40","2020-12-31 13:00:00","11","233","32768","32768","1","270","32768","32768","32768","32768","32768","32768","302","5","195","204","65535","65535","65535","303","2","251","65136","65535","0","0","0","0","0","0","0","0","0","0","0","0","0","0","0","0","2020-12-31 13:00:08"
"765567","c8DrAnUs","5","192.168.1.25:502/60","1","3","60","3","70","40","2020-12-31 13:06:00","11","234","32768","32768","2","247","32768","32768","32768","32768","32768","32768","302","5","230","234","65535","65535","65535","303","2","260","65136","65535","0","0","0","0","0","0","0","0","0","0","0","0","0","0","0","0","2020-12-31 13:06:08"
"765665","c8DrAnUs","5","192.168.1.25:502/60","1","3","60","3","70","40","2020-12-31 13:12:00","11","236","32768","32768","2","270","32768","32768","32768","32768","32768","32768","302","5","203","208","65535","65535","65535","303","2","262","65136","65535","0","0","0","0","0","0","0","0","0","0","0","0","0","0","0","0","2020-12-31 13:12:08"
"765765","c8DrAnUs","5","192.168.1.25:502/60","1","3","60","3","70","40","2020-12-31 13:18:01","11","235","32768","32768","2","292","32768","32768","32768","32768","32768","32768","302","5","117","120","65535","65535","65535","303","2","256","65136","65535","0","0","0","0","0","0","0","0","0","0","0","0","0","0","0","0","2020-12-31 13:18:09"
"765864","c8DrAnUs","5","192.168.1.25:502/60","1","3","60","3","70","40","2020-12-31 13:24:00","11","236","32768","32768","1","247","32768","32768","32768","32768","32768","32768","302","5","215","214","65535","65535","65535","303","2","255","65136","65535","0","0","0","0","0","0","0","0","0","0","0","0","0","0","0","0","2020-12-31 13:24:08"
"765968","c8DrAnUs","5","192.168.1.25:502/60","1","3","60","3","70","40","2020-12-31 13:30:00","11","236","32768","32768","2","270","32768","32768","32768","32768","32768","32768","302","5","220","222","65535","65535","65535","303","2","262","65136","65535","0","0","0","0","0","0","0","0","0","0","0","0","0","0","0","0","2020-12-31 13:30:09"
"766061","c8DrAnUs","5","192.168.1.25:502/60","1","3","60","3","70","40","2020-12-31 13:36:00","11","238","32768","32768","1","225","32768","32768","32768","32768","32768","32768","302","5","227","223","65535","65535","65535","303","2","270","65136","65535","0","0","0","0","0","0","0","0","0","0","0","0","0","0","0","0","2020-12-31 13:36:09"
"766163","c8DrAnUs","5","192.168.1.25:502/60","1","3","60","3","70","40","2020-12-31 13:42:01","11","239","32768","32768","2","247","32768","32768","32768","32768","32768","32768","302","5","228","235","65535","65535","65535","303","2","271","65136","65535","0","0","0","0","0","0","0","0","0","0","0","0","0","0","0","0","2020-12-31 13:42:09"
"766260","c8DrAnUs","5","192.168.1.25:502/60","1","3","60","3","70","40","2020-12-31 13:48:01","11","241","32768","32768","1","247","32768","32768","32768","32768","32768","32768","302","5","267","281","65535","65535","65535","303","2","278","65136","65535","0","0","0","0","0","0","0","0","0","0","0","0","0","0","0","0","2020-12-31 13:48:09"
"766358","c8DrAnUs","5","192.168.1.25:502/60","1","3","60","3","70","40","2020-12-31 13:54:01","11","242","32768","32768","3","247","32768","32768","32768","32768","32768","32768","302","5","258","266","65535","65535","65535","303","2","277","65136","65535","0","0","0","0","0","0","0","0","0","0","0","0","0","0","0","0","2020-12-31 13:54:09"
"766456","c8DrAnUs","5","192.168.1.25:502/60","1","3","60","3","70","40","2020-12-31 14:00:00","11","242","32768","32768","1","247","32768","32768","32768","32768","32768","32768","302","5","134","142","65535","65535","65535","303","2","265","65136","65535","0","0","0","0","0","0","0","0","0","0","0","0","0","0","0","0","2020-12-31 14:00:14"
"766557","c8DrAnUs","5","192.168.1.25:502/60","1","3","60","3","70","40","2020-12-31 14:06:00","11","240","32768","32768","1","247","32768","32768","32768","32768","32768","32768","302","5","64","68","65535","65535","65535","303","2","254","65136","65535","0","0","0","0","0","0","0","0","0","0","0","0","0","0","0","0","2020-12-31 14:06:09"
"766654","c8DrAnUs","5","192.168.1.25:502/60","1","3","60","3","70","40","2020-12-31 14:12:01","11","239","32768","32768","1","247","32768","32768","32768","32768","32768","32768","302","5","43","46","65535","65535","65535","303","2","246","65136","65535","0","0","0","0","0","0","0","0","0","0","0","0","0","0","0","0","2020-12-31 14:12:09"
"766754","c8DrAnUs","5","192.168.1.25:502/60","1","3","60","3","70","40","2020-12-31 14:18:01","11","238","32768","32768","0","292","32768","32768","32768","32768","32768","32768","302","5","73","73","65535","65535","65535","303","2","243","65136","65535","0","0","0","0","0","0","0","0","0","0","0","0","0","0","0","0","2020-12-31 14:18:10"
"766855","c8DrAnUs","5","192.168.1.25:502/60","1","3","60","3","70","40","2020-12-31 14:24:00","11","238","32768","32768","2","247","32768","32768","32768","32768","32768","32768","302","5","188","186","65535","65535","65535","303","2","248","65136","65535","0","0","0","0","0","0","0","0","0","0","0","0","0","0","0","0","2020-12-31 14:24:09"
"766959","c8DrAnUs","5","192.168.1.25:502/60","1","3","60","3","70","40","2020-12-31 14:30:00","11","240","32768","32768","1","247","32768","32768","32768","32768","32768","32768","302","5","301","292","65535","65535","65535","303","2","270","65136","65535","0","0","0","0","0","0","0","0","0","0","0","0","0","0","0","0","2020-12-31 14:30:09"
"767058","c8DrAnUs","5","192.168.1.25:502/60","1","3","60","3","70","40","2020-12-31 14:36:01","11","244","32768","32768","1","247","32768","32768","32768","32768","32768","32768","302","5","300","303","65535","65535","65535","303","2","287","65136","65535","0","0","0","0","0","0","0","0","0","0","0","0","0","0","0","0","2020-12-31 14:36:09"
"767151","c8DrAnUs","5","192.168.1.25:502/60","1","3","60","3","70","40","2020-12-31 14:42:01","11","243","32768","32768","2","292","32768","32768","32768","32768","32768","32768","302","5","174","183","65535","65535","65535","303","2","277","65136","65535","0","0","0","0","0","0","0","0","0","0","0","0","0","0","0","0","2020-12-31 14:42:10"
"767249","c8DrAnUs","5","192.168.1.25:502/60","1","3","60","3","70","40","2020-12-31 14:48:00","11","244","32768","32768","1","247","32768","32768","32768","32768","32768","32768","302","5","78","86","65535","65535","65535","303","2","278","65136","65535","0","0","0","0","0","0","0","0","0","0","0","0","0","0","0","0","2020-12-31 14:48:09"
"767348","c8DrAnUs","5","192.168.1.25:502/60","1","3","60","3","70","40","2020-12-31 14:54:00","11","243","32768","32768","1","247","32768","32768","32768","32768","32768","32768","302","5","62","61","65535","65535","65535","303","2","258","65136","65535","0","0","0","0","0","0","0","0","0","0","0","0","0","0","0","0","2020-12-31 14:54:09"
"767452","c8DrAnUs","5","192.168.1.25:502/60","1","3","60","3","70","40","2020-12-31 15:00:00","11","241","32768","32768","3","247","32768","32768","32768","32768","32768","32768","302","5","48","59","65535","65535","65535","303","2","248","65136","65535","0","0","0","0","0","0","0","0","0","0","0","0","0","0","0","0","2020-12-31 15:00:10"
"767545","c8DrAnUs","5","192.168.1.25:502/60","1","3","60","3","70","40","2020-12-31 15:06:01","11","237","32768","32768","2","225","32768","32768","32768","32768","32768","32768","302","5","43","46","65535","65535","65535","303","2","240","65136","65535","0","0","0","0","0","0","0","0","0","0","0","0","0","0","0","0","2020-12-31 15:06:10"
"767647","c8DrAnUs","5","192.168.1.25:502/60","1","3","60","3","70","40","2020-12-31 15:12:00","11","234","32768","32768","1","247","32768","32768","32768","32768","32768","32768","302","5","82","79","65535","65535","65535","303","2","238","65136","65535","0","0","0","0","0","0","0","0","0","0","0","0","0","0","0","0","2020-12-31 15:12:10"
"767749","c8DrAnUs","5","192.168.1.25:502/60","1","3","60","3","70","40","2020-12-31 15:18:00","11","233","32768","32768","1","247","32768","32768","32768","32768","32768","32768","302","5","64","78","65535","65535","65535","303","2","241","65136","65535","0","0","0","0","0","0","0","0","0","0","0","0","0","0","0","0","2020-12-31 15:18:10"
"767825","c8DrAnUs","5","192.168.1.25:502/60","1","3","60","3","70","40","2020-12-31 15:24:01","11","231","32768","32768","1","202","32768","32768","32768","32768","32768","32768","302","5","30","33","65535","65535","65535","303","2","236","65136","65535","0","0","0","0","0","0","0","0","0","0","0","0","0","0","0","0","2020-12-31 15:24:10"
"767945","c8DrAnUs","5","192.168.1.25:502/60","1","3","60","3","70","40","2020-12-31 15:30:00","11","230","32768","32768","0","157","32768","32768","32768","32768","32768","32768","302","5","37","37","65535","65535","65535","303","2","232","65136","65535","0","0","0","0","0","0","0","0","0","0","0","0","0","0","0","0","2020-12-31 15:30:10"
"768043","c8DrAnUs","5","192.168.1.25:502/60","1","3","60","3","70","40","2020-12-31 15:36:00","11","230","32768","32768","1","225","32768","32768","32768","32768","32768","32768","302","5","68","74","65535","65535","65535","303","2","236","65136","65535","0","0","0","0","0","0","0","0","0","0","0","0","0","0","0","0","2020-12-31 15:36:10"
"768137","c8DrAnUs","5","192.168.1.25:502/60","1","3","60","3","70","40","2020-12-31 15:42:00","11","230","32768","32768","2","202","32768","32768","32768","32768","32768","32768","302","5","62","66","65535","65535","65535","303","2","237","65136","65535","0","0","0","0","0","0","0","0","0","0","0","0","0","0","0","0","2020-12-31 15:42:10"
"768244","c8DrAnUs","5","192.168.1.25:502/60","1","3","60","3","70","40","2020-12-31 15:48:01","11","230","32768","32768","1","180","32768","32768","32768","32768","32768","32768","302","5","61","64","65535","65535","65535","303","2","239","65136","65535","0","0","0","0","0","0","0","0","0","0","0","0","0","0","0","0","2020-12-31 15:48:15"
"768340","c8DrAnUs","5","192.168.1.25:502/60","1","3","60","3","70","40","2020-12-31 15:54:01","11","230","32768","32768","0","157","32768","32768","32768","32768","32768","32768","302","5","74","79","65535","65535","65535","303","2","238","65136","65535","0","0","0","0","0","0","0","0","0","0","0","0","0","0","0","0","2020-12-31 15:54:10"
"768439","c8DrAnUs","5","192.168.1.25:502/60","1","3","60","3","70","40","2020-12-31 16:00:00","11","230","32768","32768","0","202","32768","32768","32768","32768","32768","32768","302","5","70","71","65535","65535","65535","303","2","242","65136","65535","0","0","0","0","0","0","0","0","0","0","0","0","0","0","0","0","2020-12-31 16:00:15"
"768536","c8DrAnUs","5","192.168.1.25:502/60","1","3","60","3","70","40","2020-12-31 16:06:00","11","231","32768","32768","0","157","32768","32768","32768","32768","32768","32768","302","5","57","61","65535","65535","65535","303","2","242","65136","65535","0","0","0","0","0","0","0","0","0","0","0","0","0","0","0","0","2020-12-31 16:06:10"
"768642","c8DrAnUs","5","192.168.1.25:502/60","1","3","60","3","70","40","2020-12-31 16:12:00","11","231","32768","32768","1","135","32768","32768","32768","32768","32768","32768","302","5","53","55","65535","65535","65535","303","2","241","65136","65535","0","0","0","0","0","0","0","0","0","0","0","0","0","0","0","0","2020-12-31 16:12:15"
"768737","c8DrAnUs","5","192.168.1.25:502/60","1","3","60","3","70","40","2020-12-31 16:18:01","11","231","32768","32768","1","157","32768","32768","32768","32768","32768","32768","302","5","51","54","65535","65535","65535","303","2","239","65136","65535","0","0","0","0","0","0","0","0","0","0","0","0","0","0","0","0","2020-12-31 16:18:10"
"768835","c8DrAnUs","5","192.168.1.25:502/60","1","3","60","3","70","40","2020-12-31 16:24:00","11","231","32768","32768","1","180","32768","32768","32768","32768","32768","32768","302","5","42","45","65535","65535","65535","303","2","237","65136","65535","0","0","0","0","0","0","0","0","0","0","0","0","0","0","0","0","2020-12-31 16:24:10"
"768933","c8DrAnUs","5","192.168.1.25:502/60","1","3","60","3","70","40","2020-12-31 16:30:00","11","231","32768","32768","1","157","32768","32768","32768","32768","32768","32768","302","5","27","26","65535","65535","65535","303","2","235","65136","65535","0","0","0","0","0","0","0","0","0","0","0","0","0","0","0","0","2020-12-31 16:30:10"
"769033","c8DrAnUs","5","192.168.1.25:502/60","1","3","60","3","70","40","2020-12-31 16:36:00","11","230","32768","32768","1","157","32768","32768","32768","32768","32768","32768","302","5","19","19","65535","65535","65535","303","2","232","65136","65535","0","0","0","0","0","0","0","0","0","0","0","0","0","0","0","0","2020-12-31 16:36:10"
"769132","c8DrAnUs","5","192.168.1.25:502/60","1","3","60","3","70","40","2020-12-31 16:42:00","11","230","32768","32768","1","157","32768","32768","32768","32768","32768","32768","302","5","18","17","65535","65535","65535","303","2","231","65136","65535","0","0","0","0","0","0","0","0","0","0","0","0","0","0","0","0","2020-12-31 16:42:10"
"769230","c8DrAnUs","5","192.168.1.25:502/60","1","3","60","3","70","40","2020-12-31 16:48:01","11","230","32768","32768","1","135","32768","32768","32768","32768","32768","32768","302","5","25","23","65535","65535","65535","303","2","230","65136","65535","0","0","0","0","0","0","0","0","0","0","0","0","0","0","0","0","2020-12-31 16:48:11"
"769328","c8DrAnUs","5","192.168.1.25:502/60","1","3","60","3","70","40","2020-12-31 16:54:00","11","230","32768","32768","2","157","32768","32768","32768","32768","32768","32768","302","5","35","34","65535","65535","65535","303","2","232","65136","65535","0","0","0","0","0","0","0","0","0","0","0","0","0","0","0","0","2020-12-31 16:54:11"
"769427","c8DrAnUs","5","192.168.1.25:502/60","1","3","60","3","70","40","2020-12-31 17:00:00","11","231","32768","32768","1","157","32768","32768","32768","32768","32768","32768","302","5","25","25","65535","65535","65535","303","2","233","65136","65535","0","0","0","0","0","0","0","0","0","0","0","0","0","0","0","0","2020-12-31 17:00:11"
"769533","c8DrAnUs","5","192.168.1.25:502/60","1","3","60","3","70","40","2020-12-31 17:06:01","11","231","32768","32768","1","157","32768","32768","32768","32768","32768","32768","302","5","21","20","65535","65535","65535","303","2","232","65136","65535","0","0","0","0","0","0","0","0","0","0","0","0","0","0","0","0","2020-12-31 17:06:11"
"769627","c8DrAnUs","5","192.168.1.25:502/60","1","3","60","3","70","40","2020-12-31 17:12:00","11","231","32768","32768","2","112","32768","32768","32768","32768","32768","32768","302","5","24","24","65535","65535","65535","303","2","232","65136","65535","0","0","0","0","0","0","0","0","0","0","0","0","0","0","0","0","2020-12-31 17:12:11"
"769728","c8DrAnUs","5","192.168.1.25:502/60","1","3","60","3","70","40","2020-12-31 17:18:00","11","231","32768","32768","1","135","32768","32768","32768","32768","32768","32768","302","5","28","27","65535","65535","65535","303","2","232","65136","65535","0","0","0","0","0","0","0","0","0","0","0","0","0","0","0","0","2020-12-31 17:18:11"
"769828","c8DrAnUs","5","192.168.1.25:502/60","1","3","60","3","70","40","2020-12-31 17:24:00","11","231","32768","32768","0","112","32768","32768","32768","32768","32768","32768","302","5","26","28","65535","65535","65535","303","2","233","65136","65535","0","0","0","0","0","0","0","0","0","0","0","0","0","0","0","0","2020-12-31 17:24:11"
"769922","c8DrAnUs","5","192.168.1.25:502/60","1","3","60","3","70","40","2020-12-31 17:30:00","11","231","32768","32768","0","135","32768","32768","32768","32768","32768","32768","302","5","17","21","65535","65535","65535","303","2","233","65136","65535","0","0","0","0","0","0","0","0","0","0","0","0","0","0","0","0","2020-12-31 17:30:11"
"770023","c8DrAnUs","5","192.168.1.25:502/60","1","3","60","3","70","40","2020-12-31 17:36:00","11","231","32768","32768","1","112","32768","32768","32768","32768","32768","32768","302","5","21","21","65535","65535","65535","303","2","233","65136","65535","0","0","0","0","0","0","0","0","0","0","0","0","0","0","0","0","2020-12-31 17:36:11"
"770121","c8DrAnUs","5","192.168.1.25:502/60","1","3","60","3","70","40","2020-12-31 17:42:00","11","231","32768","32768","1","112","32768","32768","32768","32768","32768","32768","302","5","18","20","65535","65535","65535","303","2","232","65136","65535","0","0","0","0","0","0","0","0","0","0","0","0","0","0","0","0","2020-12-31 17:42:11"
"770226","c8DrAnUs","5","192.168.1.25:502/60","1","3","60","3","70","40","2020-12-31 17:48:00","11","231","32768","32768","0","135","32768","32768","32768","32768","32768","32768","302","5","6","7","65535","65535","65535","303","2","231","65136","65535","0","0","0","0","0","0","0","0","0","0","0","0","0","0","0","0","2020-12-31 17:48:11"
"770319","c8DrAnUs","5","192.168.1.25:502/60","1","3","60","3","70","40","2020-12-31 17:54:00","11","231","32768","32768","0","135","32768","32768","32768","32768","32768","32768","302","5","0","0","65535","65535","65535","303","2","230","65136","65535","0","0","0","0","0","0","0","0","0","0","0","0","0","0","0","0","2020-12-31 17:54:11"
"770420","c8DrAnUs","5","192.168.1.25:502/60","1","3","60","3","70","40","2020-12-31 18:00:00","11","231","32768","32768","0","112","32768","32768","32768","32768","32768","32768","302","5","0","7","65535","65535","65535","303","2","228","65136","65535","0","0","0","0","0","0","0","0","0","0","0","0","0","0","0","0","2020-12-31 18:00:16"
"770517","c8DrAnUs","5","192.168.1.25:502/60","1","3","60","3","70","40","2020-12-31 18:06:01","11","231","32768","32768","1","90","32768","32768","32768","32768","32768","32768","302","5","0","0","65535","65535","65535","303","2","227","65136","65535","0","0","0","0","0","0","0","0","0","0","0","0","0","0","0","0","2020-12-31 18:06:12"
"770617","c8DrAnUs","5","192.168.1.25:502/60","1","3","60","3","70","40","2020-12-31 18:12:00","11","231","32768","32768","0","112","32768","32768","32768","32768","32768","32768","302","5","0","0","65535","65535","65535","303","2","226","65136","65535","0","0","0","0","0","0","0","0","0","0","0","0","0","0","0","0","2020-12-31 18:12:11"
"770715","c8DrAnUs","5","192.168.1.25:502/60","1","3","60","3","70","40","2020-12-31 18:18:00","11","231","32768","32768","1","112","32768","32768","32768","32768","32768","32768","302","5","0","0","65535","65535","65535","303","2","226","65136","65535","0","0","0","0","0","0","0","0","0","0","0","0","0","0","0","0","2020-12-31 18:18:12"
"770745","c8DrAnUs","5","192.168.1.25:502/60","1","3","60","3","70","40","2020-12-31 18:24:01","11","230","32768","32768","0","90","32768","32768","32768","32768","32768","32768","302","5","0","0","65535","65535","65535","303","2","226","65136","65535","0","0","0","0","0","0","0","0","0","0","0","0","0","0","0","0","2020-12-31 18:24:12"
"770769","c8DrAnUs","5","192.168.1.25:502/60","1","3","60","3","70","40","2020-12-31 18:30:00","11","230","32768","32768","0","90","32768","32768","32768","32768","32768","32768","302","5","0","0","65535","65535","65535","303","2","226","65136","65535","0","0","0","0","0","0","0","0","0","0","0","0","0","0","0","0","2020-12-31 18:30:11"
"770784","c8DrAnUs","5","192.168.1.25:502/60","1","3","60","3","70","40","2020-12-31 18:36:01","11","230","32768","32768","0","112","32768","32768","32768","32768","32768","32768","302","5","0","0","65535","65535","65535","303","2","226","65136","65535","0","0","0","0","0","0","0","0","0","0","0","0","0","0","0","0","2020-12-31 18:36:12"
"770804","c8DrAnUs","5","192.168.1.25:502/60","1","3","60","3","70","40","2020-12-31 18:42:00","11","230","32768","32768","1","112","32768","32768","32768","32768","32768","32768","302","5","0","0","65535","65535","65535","303","2","226","65136","65535","0","0","0","0","0","0","0","0","0","0","0","0","0","0","0","0","2020-12-31 18:42:12"
"770823","c8DrAnUs","5","192.168.1.25:502/60","1","3","60","3","70","40","2020-12-31 18:48:00","11","230","32768","32768","1","112","32768","32768","32768","32768","32768","32768","302","5","0","0","65535","65535","65535","303","2","227","65136","65535","0","0","0","0","0","0","0","0","0","0","0","0","0","0","0","0","2020-12-31 18:48:12"
"770841","c8DrAnUs","5","192.168.1.25:502/60","1","3","60","3","70","40","2020-12-31 18:54:00","11","230","32768","32768","0","22","32768","32768","32768","32768","32768","32768","302","5","0","0","65535","65535","65535","303","2","227","65136","65535","0","0","0","0","0","0","0","0","0","0","0","0","0","0","0","0","2020-12-31 18:54:12"
